Workbook

Sheet 2009_Winner_Expenses
A1: Sno | B1: Candidate | C1: Constituency | D1: Party | E1: Total Expenses in election | F1: State | G1: Constituency No.
A2: 1 | B2: A.T. NANA PATIL | C2: Jalgaon | D2: BJP | E2: Rs 14,74,623 | F2: =_xlfn.XLOOKUP(C2,'State-wise constituency (2009)'!$C:$C,'State-wise constituency (2009)'!$A:$A,"Not Found") -> Maharashtra | G2: =_xlfn.XLOOKUP(C2,'State-wise constituency (2009)'!$C:$C,'State-wise constituency (2009)'!$B:$B,"Not Found") -> 3
A3: 2 | B3: AARON RASHID.J.M | C3: Theni | D3: INC | E3: Rs 4,61,540 | F3: =_xlfn.XLOOKUP(C3,'State-wise constituency (2009)'!$C:$C,'State-wise constituency (2009)'!$A:$A,"Not Found") -> Tamil Nadu | G3: =_xlfn.XLOOKUP(C3,'State-wise constituency (2009)'!$C:$C,'State-wise constituency (2009)'!$B:$B,"Not Found") -> 33
A4: 3 | B4: AAWALE JAYWANT GANGARAM | C4: Latur | D4: INC | E4: Rs 23,16,213 | F4: =_xlfn.XLOOKUP(C4,'State-wise constituency (2009)'!$C:$C,'State-wise constituency (2009)'!$A:$A,"Not Found") -> Maharashtra | G4: =_xlfn.XLOOKUP(C4,'State-wise constituency (2009)'!$C:$C,'State-wise constituency (2009)'!$B:$B,"Not Found") -> 41
A5: 4 | B5: ABDUL MANNAN HOSSAIN | C5: Murshidabad | D5: INC | E5: Rs 12,85,460 | F5: =_xlfn.XLOOKUP(C5,'State-wise constituency (2009)'!$C:$C,'State-wise constituency (2009)'!$A:$A,"Not Found") -> West Bengal | G5: =_xlfn.XLOOKUP(C5,'State-wise constituency (2009)'!$C:$C,'State-wise constituency (2009)'!$B:$B,"Not Found") -> 11
A6: 5 | B6: ABDULRAHMAN | C6: Vellore | D6: DMK | E6: Rs 14,80,724 | F6: =_xlfn.XLOOKUP(C6,'State-wise constituency (2009)'!$C:$C,'State-wise constituency (2009)'!$A:$A,"Not Found") -> Tamil Nadu | G6: =_xlfn.XLOOKUP(C6,'State-wise constituency (2009)'!$C:$C,'State-wise constituency (2009)'!$B:$B,"Not Found") -> 8
A7: 6 | B7: Abu Hasem Khan Choudhury | C7: Maldaha Dakshin | D7: INC | E7: Rs 15,97,521 | F7: =_xlfn.XLOOKUP(C7,'State-wise constituency (2009)'!$C:$C,'State-wise constituency (2009)'!$A:$A,"Not Found") -> West Bengal | G7: =_xlfn.XLOOKUP(C7,'State-wise constituency (2009)'!$C:$C,'State-wise constituency (2009)'!$B:$B,"Not Found") -> 8
A8: 7 | B8: Acharia Basudeb | C8: Bankura | D8: CPM | E8: Rs 13,20,108 | F8: =_xlfn.XLOOKUP(C8,'State-wise constituency (2009)'!$C:$C,'State-wise constituency (2009)'!$A:$A,"Not Found") -> West Bengal | G8: =_xlfn.XLOOKUP(C8,'State-wise constituency (2009)'!$C:$C,'State-wise constituency (2009)'!$B:$B,"Not Found") -> 36
A9: 8 | B9: AD.KAMAT GURUDAS VASANT | C9: Mumbai North West | D9: INC | E9: Rs 11,51,222 | F9: =_xlfn.XLOOKUP(C9,'State-wise constituency (2009)'!$C:$C,'State-wise constituency (2009)'!$A:$A,"Not Found") -> Not Found | G9: =_xlfn.XLOOKUP(C9,'State-wise constituency (2009)'!$C:$C,'State-wise constituency (2009)'!$B:$B,"Not Found") -> Not Found
A10: 9 | B10: ADAGUR H. VISWANATH | C10: Mysore | D10: INC | E10: Rs 15,87,295 | F10: =_xlfn.XLOOKUP(C10,'State-wise constituency (2009)'!$C:$C,'State-wise constituency (2009)'!$A:$A,"Not Found") -> Karnataka | G10: =_xlfn.XLOOKUP(C10,'State-wise constituency (2009)'!$C:$C,'State-wise constituency (2009)'!$B:$B,"Not Found") -> 21
A11: 10 | B11: ADHALRAO SHIVAJI DATTATRAY | C11: Shirur | D11: SHS | E11: Rs 19,11,500 | F11: =_xlfn.XLOOKUP(C11,'State-wise constituency (2009)'!$C:$C,'State-wise constituency (2009)'!$A:$A,"Not Found") -> Maharashtra | G11: =_xlfn.XLOOKUP(C11,'State-wise constituency (2009)'!$C:$C,'State-wise constituency (2009)'!$B:$B,"Not Found") -> 36
A12: 11 | B12: ADHIKARI SISIR KUMAR | C12: Kanthi | D12: AITC | E12: Rs 9,80,791 | F12: =_xlfn.XLOOKUP(C12,'State-wise constituency (2009)'!$C:$C,'State-wise constituency (2009)'!$A:$A,"Not Found") -> West Bengal | G12: =_xlfn.XLOOKUP(C12,'State-wise constituency (2009)'!$C:$C,'State-wise constituency (2009)'!$B:$B,"Not Found") -> 31
A13: 12 | B13: ADHIKARI SUVENDU | C13: Tamluk | D13: AITC | E13: Rs 12,74,375 | F13: =_xlfn.XLOOKUP(C13,'State-wise constituency (2009)'!$C:$C,'State-wise constituency (2009)'!$A:$A,"Not Found") -> West Bengal | G13: =_xlfn.XLOOKUP(C13,'State-wise constituency (2009)'!$C:$C,'State-wise constituency (2009)'!$B:$B,"Not Found") -> 30
... A438: 437 | B438: ZAFAR ALI NAQVI | C438: Kheri | D438: INC | E438: Rs 13,80,047 | F438: =_xlfn.XLOOKUP(C438,'State-wise constituency (2009)'!$C:$C,'State-wise constituency (2009)'!$A:$A,"Not Found") -> Uttar Pradesh | G438: =_xlfn.XLOOKUP(C438,'State-wise constituency (2009)'!$C:$C,'State-wise constituency (2009)'!$B:$B,"Not Found") -> 28

Sheet State-wise constituency (2009)
A1: State | B1: PC No. | C1: PC Name | D1: Category | E1: Winner | F1: Gender | G1: Party | H1: Vote
A2: Andhra Pradesh | B2: 1 | C2: Adilabad | D2: (ST) | E2: Ramesh Rathod | F2: M | G2: TDP | H2: 372268
A3: Andhra Pradesh | B3: 2 | C3: Peddapalli | D3: (SC) | E3: Dr. Gaddam Vivekanand | F3: M | G3: INC | H3: 313748
A4: Andhra Pradesh | B4: 3 | C4: Karimnagar | D4: GEN | E4: Ponnam Prabhakar | F4: M | G4: INC | H4: 317927
A5: Andhra Pradesh | B5: 4 | C5: Nizamabad | D5: GEN | E5: Madhu Goud Yaskhi | F5: M | G5: INC | H5: 296504
A6: Andhra Pradesh | B6: 5 | C6: Zahirabad | D6: GEN | E6: Suresh Kumar Shetkar | F6: M | G6: INC | H6: 395767
A7: Andhra Pradesh | B7: 6 | C7: Medak | D7: GEN | E7: Smt. M. Vijaya Shanthi | F7: F | G7: TRS | H7: 388839
A8: Andhra Pradesh | B8: 7 | C8: Malkajgiri | D8: GEN | E8: Sathyanarayana Sarvey | F8: M | G8: INC | H8: 388368
A9: Andhra Pradesh | B9: 8 | C9: Secunderabad | D9: GEN | E9: M. Anjan Kumar Yadav | F9: M | G9: INC | H9: 340549
A10: Andhra Pradesh | B10: 9 | C10: Hyderabad | D10: GEN | E10: Asaduddin Owaisi | F10: M | G10: AIMIM | H10: 308061
A11: Andhra Pradesh | B11: 10 | C11: Chelvella | D11: GEN | E11: Jaipal Sudini Reddy | F11: M | G11: INC | H11: 420807
A12: Andhra Pradesh | B12: 11 | C12: Mahabubnagar | D12: GEN | E12: Kalva Kuntla Chandrasekhar Rao | F12: M | G12: TRS | H12: 366569
A13: Andhra Pradesh | B13: 12 | C13: Nagarkurnool | D13: (SC) | E13: Dr. M. Jagannath | F13: M | G13: INC | H13: 422745
... A39: Andhra Pradesh | B39: 38 | C39: Kadapa | D39: GEN | E39: Y. S. Jagan Mohan Reddy | F39: M | G39: YSRCP | H39: 542611
A40: Andhra Pradesh | B40: By Polls (2011) | C40: Kadapa | D40: GEN | E40: Y.S.J.M. Reddy | F40: M | G40: YSRCP | H40: 692251
A41: Andhra Pradesh | B41: 39 | C41: Nellore | D41: GEN | E41: Mekapati Rajamohan Reddy | F41: M | G41: YSRCP | H41: 430235
A42: Andhra Pradesh | B42: By Polls (2012) | C42: Nellore | D42: GEN | E42: M.K.Reddy | F42: M | G42: YSRCP | H42: 535436
A43: Andhra Pradesh | B43: 40 | C43: Tirupati | D43: (SC) | E43: Dr. Chinta Mohan | F43: M | G43: INC | H43: 428403
A44: Andhra Pradesh | B44: 41 | C44: Rajampet | D44: GEN | E44: Sai Prathap Annayyagari | F44: M | G44: INC | H44: 423910
A45: Andhra Pradesh | B45: 42 | C45: Chittoor | D45: (SC) | E45: Dr. Naramalli Sivaprasad | F45: M | G45: TDP | H45: 434376
A46: Andaman and Nicobar Islands | B46: 1 | C46: Andaman & Nicobar Islands | D46: GEN | E46: Bishnu Pada Ray | F46: M | G46: BJP | H46: 75211
A47: Arunachal Pradesh | B47: 1 | C47: Arunachal West | D47: (ST) | E47: Takam Sanjoy | F47: M | G47: INC | H47: 140443
A48: Arunachal Pradesh | B48: 2 | C48: Arunachal East | D48: (ST) | E48: Ninong Ering | F48: M | G48: INC | H48: 115423
A49: Assam | B49: 1 | C49: Karimganj | D49: (SC) | E49: Lalit Mohan Suklabaidya | F49: M | G49: INC | H49: 259717
A50: Assam | B50: 2 | C50: Silchar | D50: GEN | E50: Kabindra Purkayastha | F50: M | G50: BJP | H50: 243532
A51: Assam | B51: 3 | C51: Autonomous District | D51: (ST) | E51: Biren Singh Engti | F51: M | G51: INC | H51: 197835
A52: Assam | B52: 4 | C52: Dhubri | D52: GEN | E52: Maulana Badruddin Ajmal | F52: M | G52: AUDF | H52: 540820
A53: Assam | B53: 5 | C53: Kokrajhar | D53: (ST) | E53: Sansuma Khunggur Bwiswmuthiary | F53: M | G53: BOPF | H53: 495211
A54: Assam | B54: 6 | C54: Barpeta | D54: GEN | E54: Ismail Hussain | F54: M | G54: INC | H54: 322137
... A81: Bihar | B81: 19 | C81: Maharajganj | D81: GEN | E81: Uma Shanaker Singh | F81: M | G81: RJD | H81: 211610
A82: Bihar | B82: By Polls (2013) | C82: Maharajganj | D82: GEN | E82: Prabhu Nath Singh | F82: M | G82: RJD | H82: 381452
A83: Bihar | B83: 20 | C83: Saran | D83: GEN | E83: Lalu Prasad | F83: M | G83: RJD | H83: 274209
A84: Bihar | B84: 21 | C84: Hajipur | D84: (SC) | E84: Ram Sundar Das | F84: M | G84: JD(U) | H84: 246715
A85: Bihar | B85: 22 | C85: Ujiarpur | D85: GEN | E85: Smt. Ashwamedh Devi | F85: F | G85: JD(U) | H85: 180082
A86: Bihar | B86: 23 | C86: Samastipur | D86: (SC) | E86: Maheshwar Hazari | F86: M | G86: JD(U) | H86: 259458
A87: Bihar | B87: 24 | C87: Begusarai | D87: GEN | E87: Dr. Monazir Hassan | F87: M | G87: JD(U) | H87: 205680
A88: Bihar | B88: 25 | C88: Khagaria | D88: GEN | E88: Dinesh Chandra Yadav | F88: M | G88: JD(U) | H88: 266964
A89: Bihar | B89: 26 | C89: Bhagalpur | D89: GEN | E89: Syed Shahnawaz Hussain | F89: M | G89: BJP | H89: 228384
A90: Bihar | B90: 27 | C90: Banka | D90: GEN | E90: Digvijay Singh | F90: M | G90: IND | H90: 185762
A91: Bihar | B91: By Polls (2010) | C91: Banka | D91: GEN | E91: Putul Kumari | F91: F | G91: IND | H91: 288958
A92: Bihar | B92: 28 | C92: Munger | D92: GEN | E92: Rajiv Ranjan (Lalan) Singh | F92: M | G92: JD(U) | H92: 374317
A93: Bihar | B93: 29 | C93: Nalanda | D93: GEN | E93: Kaushalendra Kumar | F93: M | G93: JD(U) | H93: 299155
A94: Bihar | B94: 30 | C94: Patna Sahib | D94: GEN | E94: Shatrughan Prasad Sinha | F94: M | G94: BJP | H94: 316549
A95: Bihar | B95: 31 | C95: Pataliputra | D95: GEN | E95: Prof. Ranjan Prasad Yadav | F95: M | G95: JD(U) | H95: 269298
A96: Bihar | B96: 32 | C96: Arrah | D96: GEN | E96: Smt. Meena Singh | F96: F | G96: JD(U) | H96: 212726
A97: Bihar | B97: 33 | C97: Buxar | D97: GEN | E97: Jagadanand Singh | F97: M | G97: RJD | H97: 132614
A98: Bihar | B98: 34 | C98: Sasaram | D98: (SC) | E98: Smt. Meira Kumar | F98: F | G98: INC | H98: 192213
A99: Bihar | B99: 35 | C99: Karakat | D99: GEN | E99: Mahabali Singh | F99: M | G99: JD(U) | H99: 196946
A100: Bihar | B100: 36 | C100: Jahanabad | D100: GEN | E100: Jagdish Sharma | F100: M | G100: JD(U) | H100: 234769
A101: Bihar | B101: 37 | C101: Aurangabad | D101: GEN | E101: Sushil Kumar Singh | F101: M | G101: JD(U) | H101: 260153
A102: Bihar | B102: 38 | C102: Gaya | D102: (SC) | E102: Hari Manjhi | F102: M | G102: BJP | H102: 246255
A103: Bihar | B103: 39 | C103: Nawada | D103: GEN | E103: Dr. Bhola Singh | F103: M | G103: BJP | H103: 130608
... A114: Chhattisgarh | B114: 10 | C114: Bastar | D114: (ST) | E114: Baliram Kashyap | F114: M | G114: BJP | H114: 249373
A115: Chhattisgarh | B115: By Polls (2011) | C115: Bastar | D115: (ST) | E115: Dinesh Kashyap | F115: M | G115: BJP | H115: 286691
A116: Chhattisgarh | B116: 11 | C116: Kanker | D116: (ST) | E116: Sohan Potai | F116: M | G116: BJP | H116: 341131
A117: Chandigarh | B117: 1 | C117: Chandigarh | D117: GEN | E117: Pawan Kumar Bansal | F117: M | G117: INC | H117: 161042
A118: Dadra And Nagar Haveli | B118: 1 | C118: Dadra And Nagar Haveli | D118: (ST) | E118: Natubhai Gomanbhai Patel | F118: M | G118: BJP | H118: 51242
A119: Daman And Diu | B119: 1 | C119: Daman And Diu | D119: GEN | E119: Lalubhai Babubhai Patel | F119: M | G119: BJP | H119: 44546
A120: Delhi | B120: 1 | C120: Chandni Chowk | D120: GEN | E120: Kapil Sibal | F120: M | G120: INC | H120: 465713
A121: Delhi | B121: 2 | C121: North East Delhi | D121: GEN | E121: Jai Prakash Agarwal | F121: M | G121: INC | H121: 518191
A122: Delhi | B122: 3 | C122: East Delhi | D122: GEN | E122: Sandeep Dikshit | F122: M | G122: INC | H122: 518001
A123: Delhi | B123: 4 | C123: New Delhi | D123: GEN | E123: Ajay Maken | F123: M | G123: INC | H123: 455867
A124: Delhi | B124: 5 | C124: North West Delhi | D124: (SC) | E124: Smt. Krishna Tirath | F124: F | G124: INC | H124: 487404
A125: Delhi | B125: 6 | C125: West Delhi | D125: GEN | E125: Mahabal Mishra | F125: M | G125: INC | H125: 479899
A126: Delhi | B126: 7 | C126: South Delhi | D126: GEN | E126: Ramesh Kumar | F126: M | G126: INC | H126: 360278
A127: Goa | B127: 1 | C127: North Goa | D127: GEN | E127: Shripad Yesso Naik | F127: M | G127: BJP | H127: 137716
... A130: Gujarat | B130: 2 | C130: Banaskantha | D130: GEN | E130: Mukeshkumar Bheiravdanji Gadhvi | F130: M | G130: INC | H130: 289409
A131: Gujarat | B131: By Polls (2013) | C131: Banaskantha | D131: GEN | E131: Chaudhary Haribhai Parthibhai | F131: M | G131: BJP | H131: 377988
A132: Gujarat | B132: 3 | C132: Patan | D132: GEN | E132: Jagdish Thakor | F132: M | G132: INC | H132: 283778
A133: Gujarat | B133: 4 | C133: Mehsana | D133: GEN | E133: Smt. Jayshreeben Patel | F133: F | G133: BJP | H133: 334631
A134: Gujarat | B134: 5 | C134: Sabarkantha | D134: GEN | E134: Dr. Mahendrasinh Pruthvisinh Chauhan | F134: M | G134: BJP | H134: 337432
A135: Gujarat | B135: 6 | C135: Gandhinagar | D135: GEN | E135: Lal Krishna Advani | F135: M | G135: BJP | H135: 434044
A136: Gujarat | B136: 7 | C136: Ahmedabad East | D136: GEN | E136: Harin Pathak | F136: M | G136: BJP | H136: 318846
A137: Gujarat | B137: 8 | C137: Ahmedabad West | D137: (SC) | E137: Dr. Kirit Premjibhai Solanki | F137: M | G137: BJP | H137: 376823
A138: Gujarat | B138: 9 | C138: Surendranagar | D138: GEN | E138: Somabhai Gandalal Koli Patel | F138: M | G138: INC | H138: 247710
A139: Gujarat | B139: 10 | C139: Rajkot | D139: GEN | E139: Kunwarjibhai Mohanbhai Bavaliya | F139: M | G139: INC | H139: 307553
A140: Gujarat | B140: 11 | C140: Porbandar | D140: GEN | E140: Vitthalbhai Hansrajbhai Radadiya | F140: M | G140: INC | H140: 329436
A141: Gujarat | B141: By Polls (2013) | C141: Porbandar | D141: GEN | E141: Radadiya Vithalbhai Hansrajbhai | F141: M | G141: BJP | H141: 289893
A142: Gujarat | B142: 12 | C142: Jamnagar | D142: GEN | E142: Vikrambhai Arjanbhai Maadam | F142: M | G142: INC | H142: 281410
A143: Gujarat | B143: 13 | C143: Junagadh | D143: GEN | E143: Dinubhai Boghabhai Solanki | F143: M | G143: BJP | H143: 355335
A144: Gujarat | B144: 14 | C144: Amreli | D144: GEN | E144: Naranbhai Kachhadia | F144: M | G144: BJP | H144: 247666
A145: Gujarat | B145: 15 | C145: Bhavnagar | D145: GEN | E145: Rajendrasinh (Raju Rana) Rana | F145: M | G145: BJP | H145: 213376
A146: Gujarat | B146: 16 | C146: Anand | D146: GEN | E146: Bharatsinh Madhavsinh Solanki | F146: M | G146: INC | H146: 348655
A147: Gujarat | B147: 17 | C147: Kheda | D147: GEN | E147: Dinsha J. Patel | F147: M | G147: INC | H147: 284004
A148: Gujarat | B148: 18 | C148: Panchmahal | D148: GEN | E148: Prabhatsinh Pratapsinh Chauhan | F148: M | G148: BJP | H148: 282079
A149: Gujarat | B149: 19 | C149: Dahod | D149: (ST) | E149: Dr. (Smt.) Prabha Kishor Taviadi | F149: F | G149: INC | H149: 250586
A150: Gujarat | B150: 20 | C150: Vadodara | D150: GEN | E150: Balkrishna Khanderao Shukla | F150: M | G150: BJP | H150: 428833
A151: Gujarat | B151: 21 | C151: Chhota Udaipur | D151: (ST) | E151: Ramsinh Patalyabhai Rathwa | F151: M | G151: BJP | H151: 353534
A152: Gujarat | B152: 22 | C152: Bharuch | D152: GEN | E152: Mansukhbhai D. Vasava | F152: M | G152: BJP | H152: 311019
A153: Gujarat | B153: 23 | C153: Bardoli | D153: (ST) | E153: Dr. Tushar Amarsinh Chaudhary | F153: M | G153: INC | H153: 398430
... A160: Haryana | B160: 4 | C160: Hisar | D160: GEN | E160: Bhajan Lal | F160: M | G160: HJCBL | H160: 248476
A161: Haryana | B161: By Polls (2011) | C161: Hisar | D161: GEN | E161: Kuldeep Bishnoi | F161: M | G161: HJCBL | H161: 3,55,955
A162: Haryana | B162: 5 | C162: Karnal | D162: GEN | E162: Dr. Arvind Kumar Sharma, | F162: M | G162: INC | H162: 304698
A163: Haryana | B163: 6 | C163: Sonipat | D163: GEN | E163: Jitender Singh Malik | F163: M | G163: INC | H163: 338795
A164: Haryana | B164: 7 | C164: Rohtak | D164: GEN | E164: Deepender Singh Hooda | F164: M | G164: INC | H164: 585016
A165: Haryana | B165: 8 | C165: Bhiwani-Mahendragarh | D165: GEN | E165: Smt. Shruti Choudhry | F165: F | G165: INC | H165: 302817
A166: Haryana | B166: 9 | C166: Gurgaon | D166: GEN | E166: Inderjit Singh Rao | F166: M | G166: INC | H166: 278516
A167: Haryana | B167: 10 | C167: Faridabad | D167: GEN | E167: Avtar Singh Bhadana | F167: M | G167: INC | H167: 257864
A168: Himachal Pradesh | B168: 1 | C168: Kangra | D168: GEN | E168: Dr. Rajan Sushant | F168: M | G168: BJP | H168: 322254
A169: Himachal Pradesh | B169: 2 | C169: Mandi | D169: GEN | E169: Virbhadra Singh | F169: M | G169: INC | H169: 340973
...
